
INSERT INTO public.maps (id, is_valid, reason_of_invalid, created_by, created_by_name, creation_date, modified_by, modified_by_name, modified_date, map_code, display_name, description, width, height, is_active, sort_no) VALUES ('1120ba8d-26d2-4395-8c9f-a805314dca3e', false, '用户删除', null, null, '2026-01-11 11:27:23.828820 +00:00', null, null, '2026-01-11 11:39:08.312626 +00:00', 'M002', '77', null, 10000.00, 8000.00, true, 0);
INSERT INTO public.maps (id, is_valid, reason_of_invalid, created_by, created_by_name, creation_date, modified_by, modified_by_name, modified_date, map_code, display_name, description, width, height, is_active, sort_no) VALUES ('113a6d5d-f79c-4f52-811d-1d06613cd11c', true, null, null, null, '2026-01-11 03:34:00.801236 +00:00', null, null, '2026-01-11 14:19:05.187906 +00:00', 'M001', '海宁科技园', null, 34000.00, 44000.00, true, 0);
INSERT INTO public.maps (id, is_valid, reason_of_invalid, created_by, created_by_name, creation_date, modified_by, modified_by_name, modified_date, map_code, display_name, description, width, height, is_active, sort_no) VALUES ('2268f6f5-c93f-415d-8def-09f97d95fe8d', true, null, null, null, '2026-01-11 14:24:10.896693 +00:00', null, null, '2026-01-12 12:15:27.546469 +00:00', 'M003', '测试地图', null, 10000.00, 8000.00, false, 0);

INSERT INTO public.map_nodes (id, is_valid, reason_of_invalid, created_by, created_by_name, creation_date, modified_by, modified_by_name, modified_date, map_id, node_code, display_name, x, y, remark, sort_no) VALUES ('6cc56396-40c7-4ee8-93e1-43297795ccc5', false, '用户删除', null, null, '2026-01-11 04:31:32.393883 +00:00', null, null, '2026-01-11 13:02:35.041729 +00:00', '113a6d5d-f79c-4f52-811d-1d06613cd11c', 'N001', 'N001', 1316.67, 1300.00, null, 0);
INSERT INTO public.map_nodes (id, is_valid, reason_of_invalid, created_by, created_by_name, creation_date, modified_by, modified_by_name, modified_date, map_id, node_code, display_name, x, y, remark, sort_no) VALUES ('42999034-b246-4e98-aa0d-0d75f4adaa7d', false, '用户删除', null, null, '2026-01-11 04:31:53.379008 +00:00', null, null, '2026-01-11 13:02:38.863678 +00:00', '113a6d5d-f79c-4f52-811d-1d06613cd11c', 'N002', 'N002', 4116.67, 4200.00, null, 0);
INSERT INTO public.map_nodes (id, is_valid, reason_of_invalid, created_by, created_by_name, creation_date, modified_by, modified_by_name, modified_date, map_id, node_code, display_name, x, y, remark, sort_no) VALUES ('fd6ba76e-832c-43f2-8a8a-05258d026370', false, '用户删除', null, null, '2026-01-11 05:20:39.991870 +00:00', null, null, '2026-01-11 13:02:42.162488 +00:00', '113a6d5d-f79c-4f52-811d-1d06613cd11c', 'N003', 'N003', 1000.00, 1946.67, null, 0);
INSERT INTO public.map_nodes (id, is_valid, reason_of_invalid, created_by, created_by_name, creation_date, modified_by, modified_by_name, modified_date, map_id, node_code, display_name, x, y, remark, sort_no) VALUES ('ce71b4f2-22b3-4717-a560-4b646b00facf', false, '用户删除', null, null, '2026-01-11 07:16:13.531379 +00:00', null, null, '2026-01-11 13:02:45.854657 +00:00', '113a6d5d-f79c-4f52-811d-1d06613cd11c', 'N004', 'N004', 2239.52, 1366.19, null, 0);
INSERT INTO public.map_nodes (id, is_valid, reason_of_invalid, created_by, created_by_name, creation_date, modified_by, modified_by_name, modified_date, map_id, node_code, display_name, x, y, remark, sort_no) VALUES ('d6af1e74-acc8-4b01-807b-3c3b6d0de5e1', false, '用户删除', null, null, '2026-01-11 08:21:00.703214 +00:00', null, null, '2026-01-11 13:02:49.284986 +00:00', '113a6d5d-f79c-4f52-811d-1d06613cd11c', 'N005', 'N005', 3182.02, 1530.48, null, 0);
INSERT INTO public.map_nodes (id, is_valid, reason_of_invalid, created_by, created_by_name, creation_date, modified_by, modified_by_name, modified_date, map_id, node_code, display_name, x, y, remark, sort_no) VALUES ('568a169e-bc13-4170-81e6-33927cb98522', false, '用户删除', null, null, '2026-01-11 08:51:27.327682 +00:00', null, null, '2026-01-11 13:02:52.658453 +00:00', '113a6d5d-f79c-4f52-811d-1d06613cd11c', 'N006', 'N006', 333.00, 333.00, null, 0);
INSERT INTO public.map_nodes (id, is_valid, reason_of_invalid, created_by, created_by_name, creation_date, modified_by, modified_by_name, modified_date, map_id, node_code, display_name, x, y, remark, sort_no) VALUES ('8918914d-3862-4fda-9b21-15e86215041a', false, '用户删除', null, null, '2026-01-11 11:32:35.848040 +00:00', null, null, '2026-01-11 13:02:56.048862 +00:00', '113a6d5d-f79c-4f52-811d-1d06613cd11c', 'N007', 'N007', 1111.00, 1111.00, null, 0);
INSERT INTO public.map_nodes (id, is_valid, reason_of_invalid, created_by, created_by_name, creation_date, modified_by, modified_by_name, modified_date, map_id, node_code, display_name, x, y, remark, sort_no) VALUES ('cb04cee7-aa19-4899-ae5a-551736f5d447', false, '用户删除', null, null, '2026-01-11 11:33:08.501125 +00:00', null, null, '2026-01-11 13:02:59.902043 +00:00', '113a6d5d-f79c-4f52-811d-1d06613cd11c', 'N008', 'N008', 0.00, 0.00, null, 0);
INSERT INTO public.map_nodes (id, is_valid, reason_of_invalid, created_by, created_by_name, creation_date, modified_by, modified_by_name, modified_date, map_id, node_code, display_name, x, y, remark, sort_no) VALUES ('43911704-a609-4f94-bc59-376e99877b8d', true, null, null, null, '2026-01-11 13:54:05.720120 +00:00', null, null, '2026-01-11 13:54:38.759320 +00:00', '113a6d5d-f79c-4f52-811d-1d06613cd11c', 'N047', 'N047', 16200.00, 4800.00, null, 0);
INSERT INTO public.map_nodes (id, is_valid, reason_of_invalid, created_by, created_by_name, creation_date, modified_by, modified_by_name, modified_date, map_id, node_code, display_name, x, y, remark, sort_no) VALUES ('57b9865e-3b11-4b60-97d0-7736ba33e55e', true, null, null, null, '2026-01-11 13:18:21.888303 +00:00', null, null, '2026-01-11 13:22:10.192388 +00:00', '113a6d5d-f79c-4f52-811d-1d06613cd11c', 'N009', 'N009', 15000.00, 5000.00, null, 0);
INSERT INTO public.map_nodes (id, is_valid, reason_of_invalid, created_by, created_by_name, creation_date, modified_by, modified_by_name, modified_date, map_id, node_code, display_name, x, y, remark, sort_no) VALUES ('b024bd5d-741f-45ac-93fc-231821eeb69e', true, null, null, null, '2026-01-11 13:20:45.643684 +00:00', null, null, '2026-01-11 13:22:21.162894 +00:00', '113a6d5d-f79c-4f52-811d-1d06613cd11c', 'N010', 'N010', 15000.00, 15000.00, null, 0);
INSERT INTO public.map_nodes (id, is_valid, reason_of_invalid, created_by, created_by_name, creation_date, modified_by, modified_by_name, modified_date, map_id, node_code, display_name, x, y, remark, sort_no) VALUES ('3fc756c2-dde3-4191-b72f-fbd78bbd2b9b', true, null, null, null, '2026-01-11 13:23:47.077888 +00:00', null, null, null, '113a6d5d-f79c-4f52-811d-1d06613cd11c', 'N011', 'N011', 8000.00, 15000.00, null, 0);
INSERT INTO public.map_nodes (id, is_valid, reason_of_invalid, created_by, created_by_name, creation_date, modified_by, modified_by_name, modified_date, map_id, node_code, display_name, x, y, remark, sort_no) VALUES ('f4c194ac-bd50-468a-84d1-7b1be50bb846', true, null, null, null, '2026-01-11 13:24:40.624462 +00:00', null, null, null, '113a6d5d-f79c-4f52-811d-1d06613cd11c', 'N012', 'N012', 8000.00, 18000.00, null, 0);
INSERT INTO public.map_nodes (id, is_valid, reason_of_invalid, created_by, created_by_name, creation_date, modified_by, modified_by_name, modified_date, map_id, node_code, display_name, x, y, remark, sort_no) VALUES ('baf5d484-7db5-46b6-befd-fb9bc9944c0d', false, '用户删除', null, null, '2026-01-11 13:25:45.690015 +00:00', null, null, '2026-01-11 13:28:09.803958 +00:00', '113a6d5d-f79c-4f52-811d-1d06613cd11c', 'N013', 'N013', 8000.00, 18200.00, null, 0);
INSERT INTO public.map_nodes (id, is_valid, reason_of_invalid, created_by, created_by_name, creation_date, modified_by, modified_by_name, modified_date, map_id, node_code, display_name, x, y, remark, sort_no) VALUES ('421c5a8e-36a5-44a7-a503-ac1b461f2a22', true, null, null, null, '2026-01-11 13:28:24.258038 +00:00', null, null, null, '113a6d5d-f79c-4f52-811d-1d06613cd11c', 'N014', 'N014', 8000.00, 22500.00, null, 0);
INSERT INTO public.map_nodes (id, is_valid, reason_of_invalid, created_by, created_by_name, creation_date, modified_by, modified_by_name, modified_date, map_id, node_code, display_name, x, y, remark, sort_no) VALUES ('dfa010e7-1329-4d6e-a7a9-8fc57265deb6', true, null, null, null, '2026-01-11 13:28:39.781480 +00:00', null, null, null, '113a6d5d-f79c-4f52-811d-1d06613cd11c', 'N015', 'N015', 8000.00, 27000.00, null, 0);
INSERT INTO public.map_nodes (id, is_valid, reason_of_invalid, created_by, created_by_name, creation_date, modified_by, modified_by_name, modified_date, map_id, node_code, display_name, x, y, remark, sort_no) VALUES ('f542a610-d81f-4446-9e68-ae80b43dcca2', true, null, null, null, '2026-01-11 13:29:09.404619 +00:00', null, null, null, '113a6d5d-f79c-4f52-811d-1d06613cd11c', 'N016', 'N016', 8000.00, 31500.00, null, 0);
INSERT INTO public.map_nodes (id, is_valid, reason_of_invalid, created_by, created_by_name, creation_date, modified_by, modified_by_name, modified_date, map_id, node_code, display_name, x, y, remark, sort_no) VALUES ('89db8295-72f5-464b-8898-adf07d527229', true, null, null, null, '2026-01-11 13:29:40.595242 +00:00', null, null, null, '113a6d5d-f79c-4f52-811d-1d06613cd11c', 'N017', 'N017', 8000.00, 36000.00, null, 0);
INSERT INTO public.map_nodes (id, is_valid, reason_of_invalid, created_by, created_by_name, creation_date, modified_by, modified_by_name, modified_date, map_id, node_code, display_name, x, y, remark, sort_no) VALUES ('9bd44389-74cd-4654-83a6-e34a4c9d6477', true, null, null, null, '2026-01-11 13:29:57.043985 +00:00', null, null, null, '113a6d5d-f79c-4f52-811d-1d06613cd11c', 'N018', 'N018', 8000.00, 40500.00, null, 0);
INSERT INTO public.map_nodes (id, is_valid, reason_of_invalid, created_by, created_by_name, creation_date, modified_by, modified_by_name, modified_date, map_id, node_code, display_name, x, y, remark, sort_no) VALUES ('bddd8564-f618-42a3-9ecf-0e404173cd00', true, null, null, null, '2026-01-11 13:33:11.541693 +00:00', null, null, null, '113a6d5d-f79c-4f52-811d-1d06613cd11c', 'N019', 'N019', 8200.00, 40500.00, null, 0);
INSERT INTO public.map_nodes (id, is_valid, reason_of_invalid, created_by, created_by_name, creation_date, modified_by, modified_by_name, modified_date, map_id, node_code, display_name, x, y, remark, sort_no) VALUES ('f5cb77e4-2e88-4e66-8217-32868d08bd93', true, null, null, null, '2026-01-11 13:34:04.347371 +00:00', null, null, null, '113a6d5d-f79c-4f52-811d-1d06613cd11c', 'N020', 'N020', 8200.00, 36000.00, null, 0);
INSERT INTO public.map_nodes (id, is_valid, reason_of_invalid, created_by, created_by_name, creation_date, modified_by, modified_by_name, modified_date, map_id, node_code, display_name, x, y, remark, sort_no) VALUES ('1f911a2c-6c48-4081-9ad6-bc98675b227f', true, null, null, null, '2026-01-11 13:34:22.698742 +00:00', null, null, null, '113a6d5d-f79c-4f52-811d-1d06613cd11c', 'N021', 'N021', 8200.00, 31500.00, null, 0);
INSERT INTO public.map_nodes (id, is_valid, reason_of_invalid, created_by, created_by_name, creation_date, modified_by, modified_by_name, modified_date, map_id, node_code, display_name, x, y, remark, sort_no) VALUES ('d87cb526-b1e2-41bd-972b-d035fabe31ee', true, null, null, null, '2026-01-11 13:34:52.588114 +00:00', null, null, null, '113a6d5d-f79c-4f52-811d-1d06613cd11c', 'N022', 'N022', 8200.00, 27000.00, null, 0);
INSERT INTO public.map_nodes (id, is_valid, reason_of_invalid, created_by, created_by_name, creation_date, modified_by, modified_by_name, modified_date, map_id, node_code, display_name, x, y, remark, sort_no) VALUES ('446c5e74-c948-46b5-8743-396f3902fa42', true, null, null, null, '2026-01-11 13:35:16.945586 +00:00', null, null, null, '113a6d5d-f79c-4f52-811d-1d06613cd11c', 'N023', 'N023', 8200.00, 22500.00, null, 0);
INSERT INTO public.map_nodes (id, is_valid, reason_of_invalid, created_by, created_by_name, creation_date, modified_by, modified_by_name, modified_date, map_id, node_code, display_name, x, y, remark, sort_no) VALUES ('8b7c79f3-68cc-488f-945d-a3357dac19a6', true, null, null, null, '2026-01-11 13:35:34.617975 +00:00', null, null, null, '113a6d5d-f79c-4f52-811d-1d06613cd11c', 'N024', 'N024', 8200.00, 18000.00, null, 0);
INSERT INTO public.map_nodes (id, is_valid, reason_of_invalid, created_by, created_by_name, creation_date, modified_by, modified_by_name, modified_date, map_id, node_code, display_name, x, y, remark, sort_no) VALUES ('61e41c76-5582-4326-acea-1bd4b8d050cb', true, null, null, null, '2026-01-11 13:37:20.133246 +00:00', null, null, null, '113a6d5d-f79c-4f52-811d-1d06613cd11c', 'N025', 'N025', 8200.00, 15200.00, null, 0);
INSERT INTO public.map_nodes (id, is_valid, reason_of_invalid, created_by, created_by_name, creation_date, modified_by, modified_by_name, modified_date, map_id, node_code, display_name, x, y, remark, sort_no) VALUES ('3b6c8fc0-c3b9-4891-a708-ab3348197aee', true, null, null, null, '2026-01-11 13:37:40.468112 +00:00', null, null, null, '113a6d5d-f79c-4f52-811d-1d06613cd11c', 'N026', 'N026', 15000.00, 15200.00, null, 0);
INSERT INTO public.map_nodes (id, is_valid, reason_of_invalid, created_by, created_by_name, creation_date, modified_by, modified_by_name, modified_date, map_id, node_code, display_name, x, y, remark, sort_no) VALUES ('086d5596-1ec4-492b-a91b-5f1f3d654447', true, null, null, null, '2026-01-11 13:38:52.637185 +00:00', null, null, '2026-01-11 13:40:35.124116 +00:00', '113a6d5d-f79c-4f52-811d-1d06613cd11c', 'N027', 'N027', 27600.00, 15000.00, null, 0);
INSERT INTO public.map_nodes (id, is_valid, reason_of_invalid, created_by, created_by_name, creation_date, modified_by, modified_by_name, modified_date, map_id, node_code, display_name, x, y, remark, sort_no) VALUES ('92a7e959-6c20-4814-8c15-200952cde8b1', true, null, null, null, '2026-01-11 13:39:40.387890 +00:00', null, null, '2026-01-11 13:40:45.905530 +00:00', '113a6d5d-f79c-4f52-811d-1d06613cd11c', 'N028', 'N028', 27400.00, 15200.00, null, 0);
INSERT INTO public.map_nodes (id, is_valid, reason_of_invalid, created_by, created_by_name, creation_date, modified_by, modified_by_name, modified_date, map_id, node_code, display_name, x, y, remark, sort_no) VALUES ('9eb8d35c-bf52-452f-b66c-86e262628bfd', true, null, null, null, '2026-01-11 13:44:10.156784 +00:00', null, null, '2026-01-11 13:44:46.355877 +00:00', '113a6d5d-f79c-4f52-811d-1d06613cd11c', 'N029', 'N029', 27400.00, 18000.00, null, 0);
INSERT INTO public.map_nodes (id, is_valid, reason_of_invalid, created_by, created_by_name, creation_date, modified_by, modified_by_name, modified_date, map_id, node_code, display_name, x, y, remark, sort_no) VALUES ('dc880e91-7e9c-4b05-aa45-cd736214b2a7', true, null, null, null, '2026-01-11 13:45:09.112735 +00:00', null, null, null, '113a6d5d-f79c-4f52-811d-1d06613cd11c', 'N030', 'N030', 27400.00, 22500.00, null, 0);
INSERT INTO public.map_nodes (id, is_valid, reason_of_invalid, created_by, created_by_name, creation_date, modified_by, modified_by_name, modified_date, map_id, node_code, display_name, x, y, remark, sort_no) VALUES ('89a067a8-8901-4df1-9553-881b3faf8c59', true, null, null, null, '2026-01-11 13:45:26.716400 +00:00', null, null, null, '113a6d5d-f79c-4f52-811d-1d06613cd11c', 'N031', 'N031', 27400.00, 27000.00, null, 0);
INSERT INTO public.map_nodes (id, is_valid, reason_of_invalid, created_by, created_by_name, creation_date, modified_by, modified_by_name, modified_date, map_id, node_code, display_name, x, y, remark, sort_no) VALUES ('9128d02a-a8f0-406b-be8a-17a9703fbf12', true, null, null, null, '2026-01-11 13:45:41.814232 +00:00', null, null, null, '113a6d5d-f79c-4f52-811d-1d06613cd11c', 'N032', 'N032', 27400.00, 31500.00, null, 0);
INSERT INTO public.map_nodes (id, is_valid, reason_of_invalid, created_by, created_by_name, creation_date, modified_by, modified_by_name, modified_date, map_id, node_code, display_name, x, y, remark, sort_no) VALUES ('33e76466-2ca3-4666-b77f-eaf81204bad6', true, null, null, null, '2026-01-11 13:47:35.474398 +00:00', null, null, null, '113a6d5d-f79c-4f52-811d-1d06613cd11c', 'N033', 'N033', 27400.00, 36000.00, null, 0);
INSERT INTO public.map_nodes (id, is_valid, reason_of_invalid, created_by, created_by_name, creation_date, modified_by, modified_by_name, modified_date, map_id, node_code, display_name, x, y, remark, sort_no) VALUES ('3cab3f7d-b652-4511-8644-6c24c65f9df1', true, null, null, null, '2026-01-11 13:47:54.352984 +00:00', null, null, null, '113a6d5d-f79c-4f52-811d-1d06613cd11c', 'N034', 'N034', 27400.00, 40500.00, null, 0);
INSERT INTO public.map_nodes (id, is_valid, reason_of_invalid, created_by, created_by_name, creation_date, modified_by, modified_by_name, modified_date, map_id, node_code, display_name, x, y, remark, sort_no) VALUES ('16a43baa-837c-41f4-9d5d-2ecb93c40142', true, null, null, null, '2026-01-11 13:48:21.230837 +00:00', null, null, null, '113a6d5d-f79c-4f52-811d-1d06613cd11c', 'N035', 'N035', 27600.00, 40500.00, null, 0);
INSERT INTO public.map_nodes (id, is_valid, reason_of_invalid, created_by, created_by_name, creation_date, modified_by, modified_by_name, modified_date, map_id, node_code, display_name, x, y, remark, sort_no) VALUES ('fca2e187-c162-4af9-9380-5ecf4de38584', true, null, null, null, '2026-01-11 13:48:36.501090 +00:00', null, null, null, '113a6d5d-f79c-4f52-811d-1d06613cd11c', 'N036', 'N036', 27600.00, 36000.00, null, 0);
INSERT INTO public.map_nodes (id, is_valid, reason_of_invalid, created_by, created_by_name, creation_date, modified_by, modified_by_name, modified_date, map_id, node_code, display_name, x, y, remark, sort_no) VALUES ('7546132c-1019-4776-a697-3d258bc675b2', true, null, null, null, '2026-01-11 13:48:51.184575 +00:00', null, null, null, '113a6d5d-f79c-4f52-811d-1d06613cd11c', 'N037', 'N037', 27600.00, 31500.00, null, 0);
INSERT INTO public.map_nodes (id, is_valid, reason_of_invalid, created_by, created_by_name, creation_date, modified_by, modified_by_name, modified_date, map_id, node_code, display_name, x, y, remark, sort_no) VALUES ('1db4c41e-6cdc-490a-9c00-630cbbf38223', true, null, null, null, '2026-01-11 13:49:11.151632 +00:00', null, null, null, '113a6d5d-f79c-4f52-811d-1d06613cd11c', 'N038', 'N038', 27600.00, 27000.00, null, 0);
INSERT INTO public.map_nodes (id, is_valid, reason_of_invalid, created_by, created_by_name, creation_date, modified_by, modified_by_name, modified_date, map_id, node_code, display_name, x, y, remark, sort_no) VALUES ('3ebca9dc-719b-4060-910f-f8e180f78090', true, null, null, null, '2026-01-11 13:49:25.776840 +00:00', null, null, null, '113a6d5d-f79c-4f52-811d-1d06613cd11c', 'N039', 'N039', 27600.00, 22500.00, null, 0);
INSERT INTO public.map_nodes (id, is_valid, reason_of_invalid, created_by, created_by_name, creation_date, modified_by, modified_by_name, modified_date, map_id, node_code, display_name, x, y, remark, sort_no) VALUES ('7d9ff02b-4f5d-4153-af3e-481c54c78d21', true, null, null, null, '2026-01-11 13:49:51.859770 +00:00', null, null, null, '113a6d5d-f79c-4f52-811d-1d06613cd11c', 'N040', 'N040', 27600.00, 18000.00, null, 0);
INSERT INTO public.map_nodes (id, is_valid, reason_of_invalid, created_by, created_by_name, creation_date, modified_by, modified_by_name, modified_date, map_id, node_code, display_name, x, y, remark, sort_no) VALUES ('5339e80d-e554-420f-b8be-efb8ae901670', true, null, null, null, '2026-01-11 13:50:23.606267 +00:00', null, null, null, '113a6d5d-f79c-4f52-811d-1d06613cd11c', 'N041', 'N041', 15200.00, 15000.00, null, 0);
INSERT INTO public.map_nodes (id, is_valid, reason_of_invalid, created_by, created_by_name, creation_date, modified_by, modified_by_name, modified_date, map_id, node_code, display_name, x, y, remark, sort_no) VALUES ('3a2811fe-2050-4700-977e-ec7970c731ca', true, null, null, null, '2026-01-11 13:50:42.498097 +00:00', null, null, null, '113a6d5d-f79c-4f52-811d-1d06613cd11c', 'N042', 'N042', 15200.00, 15200.00, null, 0);
INSERT INTO public.map_nodes (id, is_valid, reason_of_invalid, created_by, created_by_name, creation_date, modified_by, modified_by_name, modified_date, map_id, node_code, display_name, x, y, remark, sort_no) VALUES ('ea54c585-8071-40a3-b283-4b9f4ad7fe5e', true, null, null, null, '2026-01-11 13:51:03.906846 +00:00', null, null, null, '113a6d5d-f79c-4f52-811d-1d06613cd11c', 'N043', 'N043', 15200.00, 5000.00, null, 0);
INSERT INTO public.map_nodes (id, is_valid, reason_of_invalid, created_by, created_by_name, creation_date, modified_by, modified_by_name, modified_date, map_id, node_code, display_name, x, y, remark, sort_no) VALUES ('0d5588d9-1d35-4134-ae03-c1206616c51e', true, null, null, null, '2026-01-11 13:52:18.073577 +00:00', null, null, null, '113a6d5d-f79c-4f52-811d-1d06613cd11c', 'N045', 'N045', 15200.00, 4800.00, null, 0);
INSERT INTO public.map_nodes (id, is_valid, reason_of_invalid, created_by, created_by_name, creation_date, modified_by, modified_by_name, modified_date, map_id, node_code, display_name, x, y, remark, sort_no) VALUES ('02693ff2-bb87-4208-85bb-e8464dbbd943', true, null, null, null, '2026-01-11 13:53:45.061237 +00:00', null, null, null, '113a6d5d-f79c-4f52-811d-1d06613cd11c', 'N046', 'N046', 16000.00, 4800.00, null, 0);
INSERT INTO public.map_nodes (id, is_valid, reason_of_invalid, created_by, created_by_name, creation_date, modified_by, modified_by_name, modified_date, map_id, node_code, display_name, x, y, remark, sort_no) VALUES ('d284e000-4db7-435a-a4cd-c6709bd36389', true, null, null, null, '2026-01-11 13:55:10.832436 +00:00', null, null, null, '113a6d5d-f79c-4f52-811d-1d06613cd11c', 'N048', 'N048', 16200.00, 5000.00, null, 0);
INSERT INTO public.map_nodes (id, is_valid, reason_of_invalid, created_by, created_by_name, creation_date, modified_by, modified_by_name, modified_date, map_id, node_code, display_name, x, y, remark, sort_no) VALUES ('3be84003-f6e4-4ddd-8eb9-d669d409721c', true, null, null, null, '2026-01-11 13:55:20.681453 +00:00', null, null, null, '113a6d5d-f79c-4f52-811d-1d06613cd11c', 'N049', 'N049', 16000.00, 5000.00, null, 0);
INSERT INTO public.map_nodes (id, is_valid, reason_of_invalid, created_by, created_by_name, creation_date, modified_by, modified_by_name, modified_date, map_id, node_code, display_name, x, y, remark, sort_no) VALUES ('c98dffce-3663-4800-9802-decbbea0a79d', true, null, null, null, '2026-01-11 13:56:56.974780 +00:00', null, null, null, '113a6d5d-f79c-4f52-811d-1d06613cd11c', 'N050', 'N050', 16200.00, 4400.00, null, 0);
INSERT INTO public.map_nodes (id, is_valid, reason_of_invalid, created_by, created_by_name, creation_date, modified_by, modified_by_name, modified_date, map_id, node_code, display_name, x, y, remark, sort_no) VALUES ('530ad7d0-4741-498b-9bb0-825c1a62b05d', true, null, null, null, '2026-01-11 13:57:11.330056 +00:00', null, null, null, '113a6d5d-f79c-4f52-811d-1d06613cd11c', 'N051', 'N051', 16000.00, 4400.00, null, 0);
INSERT INTO public.map_nodes (id, is_valid, reason_of_invalid, created_by, created_by_name, creation_date, modified_by, modified_by_name, modified_date, map_id, node_code, display_name, x, y, remark, sort_no) VALUES ('24cc4a3e-938b-4d86-9a9e-5919d6feac4a', true, null, null, null, '2026-01-11 14:24:25.485288 +00:00', null, null, null, '2268f6f5-c93f-415d-8def-09f97d95fe8d', 'N001', 'N001', 111.00, 222.00, null, 0);
INSERT INTO public.map_nodes (id, is_valid, reason_of_invalid, created_by, created_by_name, creation_date, modified_by, modified_by_name, modified_date, map_id, node_code, display_name, x, y, remark, sort_no) VALUES ('ccef7803-cb14-406a-8241-958718b0f46f', true, null, null, null, '2026-01-11 14:24:34.115654 +00:00', null, null, null, '2268f6f5-c93f-415d-8def-09f97d95fe8d', 'N002', 'N002', 333.00, 444.00, null, 0);
INSERT INTO public.map_nodes (id, is_valid, reason_of_invalid, created_by, created_by_name, creation_date, modified_by, modified_by_name, modified_date, map_id, node_code, display_name, x, y, remark, sort_no) VALUES ('13de8ce8-3973-4652-bb80-ba8c780458c3', true, null, null, null, '2026-01-11 13:51:45.012809 +00:00', null, null, '2026-01-13 04:40:51.663662 +00:00', '113a6d5d-f79c-4f52-811d-1d06613cd11c', 'N044', 'N044', 15100.00, 4800.00, null, 0);
INSERT INTO public.map_nodes (id, is_valid, reason_of_invalid, created_by, created_by_name, creation_date, modified_by, modified_by_name, modified_date, map_id, node_code, display_name, x, y, remark, sort_no) VALUES ('726adfae-428a-4ab2-9a35-7f0f15660192', true, null, null, null, '2026-01-13 04:41:36.399359 +00:00', null, null, null, '113a6d5d-f79c-4f52-811d-1d06613cd11c', 'N052', 'N052', 15000.00, 4900.00, null, 0);

INSERT INTO public.map_edges (id, is_valid, reason_of_invalid, created_by, created_by_name, creation_date, modified_by, modified_by_name, modified_date, map_id, edge_code, start_node_id, end_node_id, edge_type, is_bidirectional, arc_via_x, arc_via_y, distance, curvature) VALUES ('f65fb65a-c1a1-42af-8389-12c83f9b4927', false, '用户删除', null, null, '2026-01-11 04:37:29.770776 +00:00', null, null, '2026-01-11 13:01:46.455775 +00:00', '113a6d5d-f79c-4f52-811d-1d06613cd11c', 'E001', '6cc56396-40c7-4ee8-93e1-43297795ccc5', '42999034-b246-4e98-aa0d-0d75f4adaa7d', 10, true, null, null, 4031.13, null);
INSERT INTO public.map_edges (id, is_valid, reason_of_invalid, created_by, created_by_name, creation_date, modified_by, modified_by_name, modified_date, map_id, edge_code, start_node_id, end_node_id, edge_type, is_bidirectional, arc_via_x, arc_via_y, distance, curvature) VALUES ('ef0632af-e19d-4a27-be79-257049c3052f', false, '用户删除', null, null, '2026-01-11 07:16:23.417477 +00:00', null, null, '2026-01-11 13:01:52.374938 +00:00', '113a6d5d-f79c-4f52-811d-1d06613cd11c', 'E002', '42999034-b246-4e98-aa0d-0d75f4adaa7d', 'ce71b4f2-22b3-4717-a560-4b646b00facf', 10, true, null, null, 3399.14, null);
INSERT INTO public.map_edges (id, is_valid, reason_of_invalid, created_by, created_by_name, creation_date, modified_by, modified_by_name, modified_date, map_id, edge_code, start_node_id, end_node_id, edge_type, is_bidirectional, arc_via_x, arc_via_y, distance, curvature) VALUES ('67320b9f-a4f8-4881-8bd3-5e4c96cc9428', false, '用户删除', null, null, '2026-01-11 08:21:28.814173 +00:00', null, null, '2026-01-11 13:01:57.838115 +00:00', '113a6d5d-f79c-4f52-811d-1d06613cd11c', 'E003', '42999034-b246-4e98-aa0d-0d75f4adaa7d', 'fd6ba76e-832c-43f2-8a8a-05258d026370', 20, true, 4000.00, 4000.00, 3866.95, null);
INSERT INTO public.map_edges (id, is_valid, reason_of_invalid, created_by, created_by_name, creation_date, modified_by, modified_by_name, modified_date, map_id, edge_code, start_node_id, end_node_id, edge_type, is_bidirectional, arc_via_x, arc_via_y, distance, curvature) VALUES ('3ec671e3-65d5-4112-adaa-d558a69cb416', false, '用户删除', null, null, '2026-01-11 11:39:32.572364 +00:00', null, null, '2026-01-11 13:02:01.728336 +00:00', '113a6d5d-f79c-4f52-811d-1d06613cd11c', 'E004', 'ce71b4f2-22b3-4717-a560-4b646b00facf', 'd6af1e74-acc8-4b01-807b-3c3b6d0de5e1', 10, true, null, null, 956.71, null);
INSERT INTO public.map_edges (id, is_valid, reason_of_invalid, created_by, created_by_name, creation_date, modified_by, modified_by_name, modified_date, map_id, edge_code, start_node_id, end_node_id, edge_type, is_bidirectional, arc_via_x, arc_via_y, distance, curvature) VALUES ('26784f11-cfa5-4394-83d6-2e0882baf5a7', true, null, null, null, '2026-01-11 13:57:55.167476 +00:00', null, null, null, '113a6d5d-f79c-4f52-811d-1d06613cd11c', 'E005', '530ad7d0-4741-498b-9bb0-825c1a62b05d', '02693ff2-bb87-4208-85bb-e8464dbbd943', 10, true, null, null, 400.00, null);
INSERT INTO public.map_edges (id, is_valid, reason_of_invalid, created_by, created_by_name, creation_date, modified_by, modified_by_name, modified_date, map_id, edge_code, start_node_id, end_node_id, edge_type, is_bidirectional, arc_via_x, arc_via_y, distance, curvature) VALUES ('2cd2f463-fd52-4406-bb8f-4321750315fd', true, null, null, null, '2026-01-11 13:58:13.902938 +00:00', null, null, null, '113a6d5d-f79c-4f52-811d-1d06613cd11c', 'E006', '02693ff2-bb87-4208-85bb-e8464dbbd943', '0d5588d9-1d35-4134-ae03-c1206616c51e', 10, true, null, null, 800.00, null);
INSERT INTO public.map_edges (id, is_valid, reason_of_invalid, created_by, created_by_name, creation_date, modified_by, modified_by_name, modified_date, map_id, edge_code, start_node_id, end_node_id, edge_type, is_bidirectional, arc_via_x, arc_via_y, distance, curvature) VALUES ('57f46b4d-b629-4c79-86dc-cf5da9e395a5', true, null, null, null, '2026-01-11 13:58:35.580192 +00:00', null, null, null, '113a6d5d-f79c-4f52-811d-1d06613cd11c', 'E007', '0d5588d9-1d35-4134-ae03-c1206616c51e', '13de8ce8-3973-4652-bb80-ba8c780458c3', 10, true, null, null, 200.00, null);
INSERT INTO public.map_edges (id, is_valid, reason_of_invalid, created_by, created_by_name, creation_date, modified_by, modified_by_name, modified_date, map_id, edge_code, start_node_id, end_node_id, edge_type, is_bidirectional, arc_via_x, arc_via_y, distance, curvature) VALUES ('3ce2ad15-63d6-41f2-bb6f-1bd5b0658c81', true, null, null, null, '2026-01-11 13:59:36.229132 +00:00', null, null, null, '113a6d5d-f79c-4f52-811d-1d06613cd11c', 'E009', 'c98dffce-3663-4800-9802-decbbea0a79d', '43911704-a609-4f94-bc59-376e99877b8d', 10, true, null, null, 400.00, null);
INSERT INTO public.map_edges (id, is_valid, reason_of_invalid, created_by, created_by_name, creation_date, modified_by, modified_by_name, modified_date, map_id, edge_code, start_node_id, end_node_id, edge_type, is_bidirectional, arc_via_x, arc_via_y, distance, curvature) VALUES ('fb30fc83-2a1c-44dc-966c-26c5f9cf31ca', true, null, null, null, '2026-01-11 13:59:56.062029 +00:00', null, null, null, '113a6d5d-f79c-4f52-811d-1d06613cd11c', 'E010', '43911704-a609-4f94-bc59-376e99877b8d', 'd284e000-4db7-435a-a4cd-c6709bd36389', 10, true, null, null, 200.00, null);
INSERT INTO public.map_edges (id, is_valid, reason_of_invalid, created_by, created_by_name, creation_date, modified_by, modified_by_name, modified_date, map_id, edge_code, start_node_id, end_node_id, edge_type, is_bidirectional, arc_via_x, arc_via_y, distance, curvature) VALUES ('360d81be-13d8-4319-b434-94fb333b417b', true, null, null, null, '2026-01-11 14:00:11.570886 +00:00', null, null, null, '113a6d5d-f79c-4f52-811d-1d06613cd11c', 'E011', 'd284e000-4db7-435a-a4cd-c6709bd36389', '3be84003-f6e4-4ddd-8eb9-d669d409721c', 10, true, null, null, 200.00, null);
INSERT INTO public.map_edges (id, is_valid, reason_of_invalid, created_by, created_by_name, creation_date, modified_by, modified_by_name, modified_date, map_id, edge_code, start_node_id, end_node_id, edge_type, is_bidirectional, arc_via_x, arc_via_y, distance, curvature) VALUES ('4bb03a70-5774-469d-a8d2-cc6a99e41616', true, null, null, null, '2026-01-11 14:00:25.307555 +00:00', null, null, null, '113a6d5d-f79c-4f52-811d-1d06613cd11c', 'E012', '3be84003-f6e4-4ddd-8eb9-d669d409721c', 'ea54c585-8071-40a3-b283-4b9f4ad7fe5e', 10, true, null, null, 800.00, null);
INSERT INTO public.map_edges (id, is_valid, reason_of_invalid, created_by, created_by_name, creation_date, modified_by, modified_by_name, modified_date, map_id, edge_code, start_node_id, end_node_id, edge_type, is_bidirectional, arc_via_x, arc_via_y, distance, curvature) VALUES ('850cd73b-ae72-4c35-85fa-e532788b89af', true, null, null, null, '2026-01-11 14:01:43.092578 +00:00', null, null, null, '113a6d5d-f79c-4f52-811d-1d06613cd11c', 'E013', '57b9865e-3b11-4b60-97d0-7736ba33e55e', 'b024bd5d-741f-45ac-93fc-231821eeb69e', 10, true, null, null, 10000.00, null);
INSERT INTO public.map_edges (id, is_valid, reason_of_invalid, created_by, created_by_name, creation_date, modified_by, modified_by_name, modified_date, map_id, edge_code, start_node_id, end_node_id, edge_type, is_bidirectional, arc_via_x, arc_via_y, distance, curvature) VALUES ('31739cbe-a34e-4e98-91f2-370946199683', true, null, null, null, '2026-01-11 14:02:01.317556 +00:00', null, null, null, '113a6d5d-f79c-4f52-811d-1d06613cd11c', 'E014', 'ea54c585-8071-40a3-b283-4b9f4ad7fe5e', '5339e80d-e554-420f-b8be-efb8ae901670', 10, true, null, null, 10000.00, null);
INSERT INTO public.map_edges (id, is_valid, reason_of_invalid, created_by, created_by_name, creation_date, modified_by, modified_by_name, modified_date, map_id, edge_code, start_node_id, end_node_id, edge_type, is_bidirectional, arc_via_x, arc_via_y, distance, curvature) VALUES ('d9ba6f24-853d-4e57-ba07-f8b75d2b9d2c', true, null, null, null, '2026-01-11 14:02:37.718663 +00:00', null, null, null, '113a6d5d-f79c-4f52-811d-1d06613cd11c', 'E015', 'b024bd5d-741f-45ac-93fc-231821eeb69e', '3fc756c2-dde3-4191-b72f-fbd78bbd2b9b', 10, true, null, null, 7000.00, null);
INSERT INTO public.map_edges (id, is_valid, reason_of_invalid, created_by, created_by_name, creation_date, modified_by, modified_by_name, modified_date, map_id, edge_code, start_node_id, end_node_id, edge_type, is_bidirectional, arc_via_x, arc_via_y, distance, curvature) VALUES ('1356ef7d-9acc-47eb-892b-8a99fdd372eb', true, null, null, null, '2026-01-11 14:02:59.952293 +00:00', null, null, null, '113a6d5d-f79c-4f52-811d-1d06613cd11c', 'E016', '3fc756c2-dde3-4191-b72f-fbd78bbd2b9b', 'f4c194ac-bd50-468a-84d1-7b1be50bb846', 10, true, null, null, 3000.00, null);
INSERT INTO public.map_edges (id, is_valid, reason_of_invalid, created_by, created_by_name, creation_date, modified_by, modified_by_name, modified_date, map_id, edge_code, start_node_id, end_node_id, edge_type, is_bidirectional, arc_via_x, arc_via_y, distance, curvature) VALUES ('c21a6969-1703-4ff5-aca8-db3276536325', true, null, null, null, '2026-01-11 14:03:16.436250 +00:00', null, null, null, '113a6d5d-f79c-4f52-811d-1d06613cd11c', 'E017', '3b6c8fc0-c3b9-4891-a708-ab3348197aee', '61e41c76-5582-4326-acea-1bd4b8d050cb', 10, true, null, null, 6800.00, null);
INSERT INTO public.map_edges (id, is_valid, reason_of_invalid, created_by, created_by_name, creation_date, modified_by, modified_by_name, modified_date, map_id, edge_code, start_node_id, end_node_id, edge_type, is_bidirectional, arc_via_x, arc_via_y, distance, curvature) VALUES ('ef9a05a0-b8a4-46cf-8792-39bb989b7908', true, null, null, null, '2026-01-11 14:03:27.178824 +00:00', null, null, null, '113a6d5d-f79c-4f52-811d-1d06613cd11c', 'E018', '61e41c76-5582-4326-acea-1bd4b8d050cb', '8b7c79f3-68cc-488f-945d-a3357dac19a6', 10, true, null, null, 2800.00, null);
INSERT INTO public.map_edges (id, is_valid, reason_of_invalid, created_by, created_by_name, creation_date, modified_by, modified_by_name, modified_date, map_id, edge_code, start_node_id, end_node_id, edge_type, is_bidirectional, arc_via_x, arc_via_y, distance, curvature) VALUES ('f67a4aea-7a82-4764-80bd-4ddb050199d2', true, null, null, null, '2026-01-11 14:04:04.777115 +00:00', null, null, null, '113a6d5d-f79c-4f52-811d-1d06613cd11c', 'E019', 'f4c194ac-bd50-468a-84d1-7b1be50bb846', '421c5a8e-36a5-44a7-a503-ac1b461f2a22', 10, true, null, null, 4500.00, null);
INSERT INTO public.map_edges (id, is_valid, reason_of_invalid, created_by, created_by_name, creation_date, modified_by, modified_by_name, modified_date, map_id, edge_code, start_node_id, end_node_id, edge_type, is_bidirectional, arc_via_x, arc_via_y, distance, curvature) VALUES ('77cf0fa5-82ee-49a7-9417-7c7f4345164e', true, null, null, null, '2026-01-11 14:04:16.586141 +00:00', null, null, null, '113a6d5d-f79c-4f52-811d-1d06613cd11c', 'E020', '8b7c79f3-68cc-488f-945d-a3357dac19a6', '446c5e74-c948-46b5-8743-396f3902fa42', 10, true, null, null, 4500.00, null);
INSERT INTO public.map_edges (id, is_valid, reason_of_invalid, created_by, created_by_name, creation_date, modified_by, modified_by_name, modified_date, map_id, edge_code, start_node_id, end_node_id, edge_type, is_bidirectional, arc_via_x, arc_via_y, distance, curvature) VALUES ('7d0ae60f-17e2-4565-b78c-c4ddba40044d', true, null, null, null, '2026-01-11 14:04:37.694077 +00:00', null, null, null, '113a6d5d-f79c-4f52-811d-1d06613cd11c', 'E021', '421c5a8e-36a5-44a7-a503-ac1b461f2a22', 'dfa010e7-1329-4d6e-a7a9-8fc57265deb6', 10, true, null, null, 4500.00, null);
INSERT INTO public.map_edges (id, is_valid, reason_of_invalid, created_by, created_by_name, creation_date, modified_by, modified_by_name, modified_date, map_id, edge_code, start_node_id, end_node_id, edge_type, is_bidirectional, arc_via_x, arc_via_y, distance, curvature) VALUES ('0a0a17c2-17ca-4b2f-b3ec-f24c2cd3b3ab', true, null, null, null, '2026-01-11 14:04:48.158936 +00:00', null, null, null, '113a6d5d-f79c-4f52-811d-1d06613cd11c', 'E022', '446c5e74-c948-46b5-8743-396f3902fa42', 'd87cb526-b1e2-41bd-972b-d035fabe31ee', 10, true, null, null, 4500.00, null);
INSERT INTO public.map_edges (id, is_valid, reason_of_invalid, created_by, created_by_name, creation_date, modified_by, modified_by_name, modified_date, map_id, edge_code, start_node_id, end_node_id, edge_type, is_bidirectional, arc_via_x, arc_via_y, distance, curvature) VALUES ('eebcdf3c-1c6a-4943-955b-9d7f692ff183', true, null, null, null, '2026-01-11 14:05:05.489866 +00:00', null, null, null, '113a6d5d-f79c-4f52-811d-1d06613cd11c', 'E023', 'dfa010e7-1329-4d6e-a7a9-8fc57265deb6', 'f542a610-d81f-4446-9e68-ae80b43dcca2', 10, true, null, null, 4500.00, null);
INSERT INTO public.map_edges (id, is_valid, reason_of_invalid, created_by, created_by_name, creation_date, modified_by, modified_by_name, modified_date, map_id, edge_code, start_node_id, end_node_id, edge_type, is_bidirectional, arc_via_x, arc_via_y, distance, curvature) VALUES ('2daee8ba-d500-4dce-b42b-43be8493e0a7', true, null, null, null, '2026-01-11 14:05:15.869515 +00:00', null, null, null, '113a6d5d-f79c-4f52-811d-1d06613cd11c', 'E024', 'd87cb526-b1e2-41bd-972b-d035fabe31ee', '1f911a2c-6c48-4081-9ad6-bc98675b227f', 10, true, null, null, 4500.00, null);
INSERT INTO public.map_edges (id, is_valid, reason_of_invalid, created_by, created_by_name, creation_date, modified_by, modified_by_name, modified_date, map_id, edge_code, start_node_id, end_node_id, edge_type, is_bidirectional, arc_via_x, arc_via_y, distance, curvature) VALUES ('a03760b6-44a2-4553-a766-732c05dd445a', true, null, null, null, '2026-01-11 14:05:35.217991 +00:00', null, null, null, '113a6d5d-f79c-4f52-811d-1d06613cd11c', 'E025', 'f542a610-d81f-4446-9e68-ae80b43dcca2', '89db8295-72f5-464b-8898-adf07d527229', 10, true, null, null, 4500.00, null);
INSERT INTO public.map_edges (id, is_valid, reason_of_invalid, created_by, created_by_name, creation_date, modified_by, modified_by_name, modified_date, map_id, edge_code, start_node_id, end_node_id, edge_type, is_bidirectional, arc_via_x, arc_via_y, distance, curvature) VALUES ('8c7b5a5c-6076-4340-9392-052b3d983c82', true, null, null, null, '2026-01-11 14:05:48.549659 +00:00', null, null, null, '113a6d5d-f79c-4f52-811d-1d06613cd11c', 'E026', '1f911a2c-6c48-4081-9ad6-bc98675b227f', 'f5cb77e4-2e88-4e66-8217-32868d08bd93', 10, true, null, null, 4500.00, null);
INSERT INTO public.map_edges (id, is_valid, reason_of_invalid, created_by, created_by_name, creation_date, modified_by, modified_by_name, modified_date, map_id, edge_code, start_node_id, end_node_id, edge_type, is_bidirectional, arc_via_x, arc_via_y, distance, curvature) VALUES ('e539c677-57f1-4fb6-9b8e-0b3a0af09341', true, null, null, null, '2026-01-11 14:06:03.046369 +00:00', null, null, null, '113a6d5d-f79c-4f52-811d-1d06613cd11c', 'E027', '89db8295-72f5-464b-8898-adf07d527229', '9bd44389-74cd-4654-83a6-e34a4c9d6477', 10, true, null, null, 4500.00, null);
INSERT INTO public.map_edges (id, is_valid, reason_of_invalid, created_by, created_by_name, creation_date, modified_by, modified_by_name, modified_date, map_id, edge_code, start_node_id, end_node_id, edge_type, is_bidirectional, arc_via_x, arc_via_y, distance, curvature) VALUES ('445c5aab-2c61-480a-994d-b9493014ea2b', true, null, null, null, '2026-01-11 14:06:13.679893 +00:00', null, null, null, '113a6d5d-f79c-4f52-811d-1d06613cd11c', 'E028', 'f5cb77e4-2e88-4e66-8217-32868d08bd93', 'bddd8564-f618-42a3-9ecf-0e404173cd00', 10, true, null, null, 4500.00, null);
INSERT INTO public.map_edges (id, is_valid, reason_of_invalid, created_by, created_by_name, creation_date, modified_by, modified_by_name, modified_date, map_id, edge_code, start_node_id, end_node_id, edge_type, is_bidirectional, arc_via_x, arc_via_y, distance, curvature) VALUES ('46ebb4be-ad0c-4089-bd52-5c997207c6b9', true, null, null, null, '2026-01-11 14:07:09.361140 +00:00', null, null, null, '113a6d5d-f79c-4f52-811d-1d06613cd11c', 'E029', '5339e80d-e554-420f-b8be-efb8ae901670', '086d5596-1ec4-492b-a91b-5f1f3d654447', 10, true, null, null, 12400.00, null);
INSERT INTO public.map_edges (id, is_valid, reason_of_invalid, created_by, created_by_name, creation_date, modified_by, modified_by_name, modified_date, map_id, edge_code, start_node_id, end_node_id, edge_type, is_bidirectional, arc_via_x, arc_via_y, distance, curvature) VALUES ('0f69d780-4593-4c87-8529-3a287329b85c', true, null, null, null, '2026-01-11 14:07:26.516140 +00:00', null, null, null, '113a6d5d-f79c-4f52-811d-1d06613cd11c', 'E030', '3a2811fe-2050-4700-977e-ec7970c731ca', '92a7e959-6c20-4814-8c15-200952cde8b1', 10, true, null, null, 12200.00, null);
INSERT INTO public.map_edges (id, is_valid, reason_of_invalid, created_by, created_by_name, creation_date, modified_by, modified_by_name, modified_date, map_id, edge_code, start_node_id, end_node_id, edge_type, is_bidirectional, arc_via_x, arc_via_y, distance, curvature) VALUES ('5b756bdf-fac0-4e82-9a3f-2c408136b6fb', true, null, null, null, '2026-01-11 14:08:05.031975 +00:00', null, null, null, '113a6d5d-f79c-4f52-811d-1d06613cd11c', 'E031', '92a7e959-6c20-4814-8c15-200952cde8b1', '9eb8d35c-bf52-452f-b66c-86e262628bfd', 10, true, null, null, 2800.00, null);
INSERT INTO public.map_edges (id, is_valid, reason_of_invalid, created_by, created_by_name, creation_date, modified_by, modified_by_name, modified_date, map_id, edge_code, start_node_id, end_node_id, edge_type, is_bidirectional, arc_via_x, arc_via_y, distance, curvature) VALUES ('19a36645-a510-4a70-9695-e921b6fb6fb2', true, null, null, null, '2026-01-11 14:08:18.548259 +00:00', null, null, null, '113a6d5d-f79c-4f52-811d-1d06613cd11c', 'E032', '086d5596-1ec4-492b-a91b-5f1f3d654447', '7d9ff02b-4f5d-4153-af3e-481c54c78d21', 10, true, null, null, 3000.00, null);
INSERT INTO public.map_edges (id, is_valid, reason_of_invalid, created_by, created_by_name, creation_date, modified_by, modified_by_name, modified_date, map_id, edge_code, start_node_id, end_node_id, edge_type, is_bidirectional, arc_via_x, arc_via_y, distance, curvature) VALUES ('eeb11c18-87e6-439a-b1cc-c19a7ab05313', true, null, null, null, '2026-01-11 14:08:33.638897 +00:00', null, null, null, '113a6d5d-f79c-4f52-811d-1d06613cd11c', 'E033', '9eb8d35c-bf52-452f-b66c-86e262628bfd', 'dc880e91-7e9c-4b05-aa45-cd736214b2a7', 10, true, null, null, 4500.00, null);
INSERT INTO public.map_edges (id, is_valid, reason_of_invalid, created_by, created_by_name, creation_date, modified_by, modified_by_name, modified_date, map_id, edge_code, start_node_id, end_node_id, edge_type, is_bidirectional, arc_via_x, arc_via_y, distance, curvature) VALUES ('77c52b7e-6672-4544-a7cc-1afbc804bc22', true, null, null, null, '2026-01-11 14:08:49.621368 +00:00', null, null, null, '113a6d5d-f79c-4f52-811d-1d06613cd11c', 'E034', '7d9ff02b-4f5d-4153-af3e-481c54c78d21', '3ebca9dc-719b-4060-910f-f8e180f78090', 10, true, null, null, 4500.00, null);
INSERT INTO public.map_edges (id, is_valid, reason_of_invalid, created_by, created_by_name, creation_date, modified_by, modified_by_name, modified_date, map_id, edge_code, start_node_id, end_node_id, edge_type, is_bidirectional, arc_via_x, arc_via_y, distance, curvature) VALUES ('7118e3d6-8645-4a2e-9f47-dc54bcf22ca2', true, null, null, null, '2026-01-11 14:09:05.007039 +00:00', null, null, null, '113a6d5d-f79c-4f52-811d-1d06613cd11c', 'E035', 'dc880e91-7e9c-4b05-aa45-cd736214b2a7', '89a067a8-8901-4df1-9553-881b3faf8c59', 10, true, null, null, 4500.00, null);
INSERT INTO public.map_edges (id, is_valid, reason_of_invalid, created_by, created_by_name, creation_date, modified_by, modified_by_name, modified_date, map_id, edge_code, start_node_id, end_node_id, edge_type, is_bidirectional, arc_via_x, arc_via_y, distance, curvature) VALUES ('6bfe40f9-0e61-4472-a0b7-bfc68e8f86a0', true, null, null, null, '2026-01-11 14:09:17.273207 +00:00', null, null, null, '113a6d5d-f79c-4f52-811d-1d06613cd11c', 'E036', '3ebca9dc-719b-4060-910f-f8e180f78090', '1db4c41e-6cdc-490a-9c00-630cbbf38223', 10, true, null, null, 4500.00, null);
INSERT INTO public.map_edges (id, is_valid, reason_of_invalid, created_by, created_by_name, creation_date, modified_by, modified_by_name, modified_date, map_id, edge_code, start_node_id, end_node_id, edge_type, is_bidirectional, arc_via_x, arc_via_y, distance, curvature) VALUES ('af64ab13-8b18-46aa-9df9-6bb89c059859', true, null, null, null, '2026-01-11 14:09:31.211194 +00:00', null, null, null, '113a6d5d-f79c-4f52-811d-1d06613cd11c', 'E037', '89a067a8-8901-4df1-9553-881b3faf8c59', '9128d02a-a8f0-406b-be8a-17a9703fbf12', 10, true, null, null, 4500.00, null);
INSERT INTO public.map_edges (id, is_valid, reason_of_invalid, created_by, created_by_name, creation_date, modified_by, modified_by_name, modified_date, map_id, edge_code, start_node_id, end_node_id, edge_type, is_bidirectional, arc_via_x, arc_via_y, distance, curvature) VALUES ('a971f14d-c035-4dec-86a3-af1d459a882e', true, null, null, null, '2026-01-11 14:09:42.777743 +00:00', null, null, null, '113a6d5d-f79c-4f52-811d-1d06613cd11c', 'E038', '1db4c41e-6cdc-490a-9c00-630cbbf38223', '7546132c-1019-4776-a697-3d258bc675b2', 10, true, null, null, 4500.00, null);
INSERT INTO public.map_edges (id, is_valid, reason_of_invalid, created_by, created_by_name, creation_date, modified_by, modified_by_name, modified_date, map_id, edge_code, start_node_id, end_node_id, edge_type, is_bidirectional, arc_via_x, arc_via_y, distance, curvature) VALUES ('a1bf38f4-f93f-4f26-b9ed-99ebc3190d25', true, null, null, null, '2026-01-11 14:09:57.783546 +00:00', null, null, null, '113a6d5d-f79c-4f52-811d-1d06613cd11c', 'E039', '9128d02a-a8f0-406b-be8a-17a9703fbf12', '33e76466-2ca3-4666-b77f-eaf81204bad6', 10, true, null, null, 4500.00, null);
INSERT INTO public.map_edges (id, is_valid, reason_of_invalid, created_by, created_by_name, creation_date, modified_by, modified_by_name, modified_date, map_id, edge_code, start_node_id, end_node_id, edge_type, is_bidirectional, arc_via_x, arc_via_y, distance, curvature) VALUES ('c7d9e533-42a1-43a3-afd6-37d06ac7c715', true, null, null, null, '2026-01-11 14:10:08.694289 +00:00', null, null, null, '113a6d5d-f79c-4f52-811d-1d06613cd11c', 'E040', '7546132c-1019-4776-a697-3d258bc675b2', 'fca2e187-c162-4af9-9380-5ecf4de38584', 10, true, null, null, 4500.00, null);
INSERT INTO public.map_edges (id, is_valid, reason_of_invalid, created_by, created_by_name, creation_date, modified_by, modified_by_name, modified_date, map_id, edge_code, start_node_id, end_node_id, edge_type, is_bidirectional, arc_via_x, arc_via_y, distance, curvature) VALUES ('8c8d8b5f-9d44-4cc2-9f86-7b731cd1f2ca', true, null, null, null, '2026-01-11 14:10:37.704992 +00:00', null, null, null, '113a6d5d-f79c-4f52-811d-1d06613cd11c', 'E041', '33e76466-2ca3-4666-b77f-eaf81204bad6', '3cab3f7d-b652-4511-8644-6c24c65f9df1', 10, true, null, null, 4500.00, null);
INSERT INTO public.map_edges (id, is_valid, reason_of_invalid, created_by, created_by_name, creation_date, modified_by, modified_by_name, modified_date, map_id, edge_code, start_node_id, end_node_id, edge_type, is_bidirectional, arc_via_x, arc_via_y, distance, curvature) VALUES ('ad31a1ae-7ea9-4858-8b49-6c874bb3c041', true, null, null, null, '2026-01-11 14:10:51.975131 +00:00', null, null, null, '113a6d5d-f79c-4f52-811d-1d06613cd11c', 'E042', 'fca2e187-c162-4af9-9380-5ecf4de38584', '16a43baa-837c-41f4-9d5d-2ecb93c40142', 10, true, null, null, 4500.00, null);
INSERT INTO public.map_edges (id, is_valid, reason_of_invalid, created_by, created_by_name, creation_date, modified_by, modified_by_name, modified_date, map_id, edge_code, start_node_id, end_node_id, edge_type, is_bidirectional, arc_via_x, arc_via_y, distance, curvature) VALUES ('0cbfa716-53d1-4085-a690-a10322064a38', true, null, null, null, '2026-01-11 14:24:40.302105 +00:00', null, null, null, '2268f6f5-c93f-415d-8def-09f97d95fe8d', 'E001', '24cc4a3e-938b-4d86-9a9e-5919d6feac4a', 'ccef7803-cb14-406a-8241-958718b0f46f', 10, true, null, null, 313.96, null);
INSERT INTO public.map_edges (id, is_valid, reason_of_invalid, created_by, created_by_name, creation_date, modified_by, modified_by_name, modified_date, map_id, edge_code, start_node_id, end_node_id, edge_type, is_bidirectional, arc_via_x, arc_via_y, distance, curvature) VALUES ('690e884a-fba3-41cd-a396-cc4e7a4998c2', false, '用户删除', null, null, '2026-01-11 13:59:15.905918 +00:00', null, null, '2026-01-13 04:41:48.487067 +00:00', '113a6d5d-f79c-4f52-811d-1d06613cd11c', 'E008', '13de8ce8-3973-4652-bb80-ba8c780458c3', '57b9865e-3b11-4b60-97d0-7736ba33e55e', 10, true, null, null, 200.00, null);
INSERT INTO public.map_edges (id, is_valid, reason_of_invalid, created_by, created_by_name, creation_date, modified_by, modified_by_name, modified_date, map_id, edge_code, start_node_id, end_node_id, edge_type, is_bidirectional, arc_via_x, arc_via_y, distance, curvature) VALUES ('de6729b4-6651-4e03-9263-78d4989d1f4b', true, null, null, null, '2026-01-13 04:42:05.375875 +00:00', null, null, null, '113a6d5d-f79c-4f52-811d-1d06613cd11c', 'E043', '726adfae-428a-4ab2-9a35-7f0f15660192', '57b9865e-3b11-4b60-97d0-7736ba33e55e', 10, true, null, null, 100.00, null);
INSERT INTO public.map_edges (id, is_valid, reason_of_invalid, created_by, created_by_name, creation_date, modified_by, modified_by_name, modified_date, map_id, edge_code, start_node_id, end_node_id, edge_type, is_bidirectional, arc_via_x, arc_via_y, distance, curvature) VALUES ('893df1eb-488a-4387-b1a3-bb030a5986b4', true, null, null, null, '2026-01-13 04:55:35.010124 +00:00', null, null, '2026-01-13 04:58:25.028972 +00:00', '113a6d5d-f79c-4f52-811d-1d06613cd11c', 'E044', '13de8ce8-3973-4652-bb80-ba8c780458c3', '726adfae-428a-4ab2-9a35-7f0f15660192', 21, true, null, null, 181.11, -0.800);

